Topic,Subtopic,Path
GAN,Exploration,C:\Users\G703670\OneDrive - MFP Michelin\work\GAN\20200717_GAN_study_V3.pptx
GAN,Exploration,C:\Users\G703670\OneDrive - MFP Michelin\work\GAN\20200717_GAN_study_V5.pptx
GAN,Exploration,C:\Users\G703670\OneDrive - MFP Michelin\work\GAN\20200925_GAN_overview.pdf
GAN,Exploration,C:\Users\G703670\OneDrive - MFP Michelin\work\GAN\AI_Moonshot_GAN_01072021.pptx
GAN,Exploration,C:\Users\G703670\OneDrive - MFP Michelin\work\GAN\AI_Moonshot_GAN_09122021.pptx
GAN,Exploration,C:\Users\G703670\OneDrive - MFP Michelin\work\GAN\GAN_overview_V01.docx
GAN,KAR,C:\Users\G703670\OneDrive - MFP Michelin\work\GAN\hackathon_KAR\20210310_GAN_Hackathon-KAR_V1.pptx
GAN,hormiga,C:\Users\G703670\OneDrive - MFP Michelin\work\GAN\hormiga\20210820_GAN_hormiga_V1.pptx
GAN,IRIS2,C:\Users\G703670\OneDrive - MFP Michelin\work\GAN\iris2\20210401_GAN_IRIS2_V1.pptx
GAN,Tire Health,C:\Users\G703670\OneDrive - MFP Michelin\work\GAN\tire_health\20211118_GAN_tire-health_V1_AI-review.pptx
GAN,API Hackathon,C:\Users\G703670\OneDrive - MFP Michelin\work\GAN\20211116_API_hackathon_v002.pptx
GAN,Conicity,
GAN,Gratton,
GAN,OCR,C:\Users\G703670\OneDrive - MFP Michelin\work\GAN\v5_ocr\20210505_GAN_ocr_V1.pptx
GAN,Enlighten,C:\Users\G703670\OneDrive - MFP Michelin\work\GAN\enlighten_demo\GAN (1).pptx
GAN,Deployment,
GAN,Publication,C:\Users\G703670\OneDrive - MFP Michelin\work\GAN\GAN_overview_V01.docx
GAN,Publication,C:\Users\G703670\OneDrive - MFP Michelin\work\GAN\conference\GAN_paper_formatted_2.pdf
GAN,Diffusion,C:\Users\G703670\OneDrive - MFP Michelin\work\moonshot\diffusion\20230324_diffusion_v01.pptx
Janus,RL,C:\Users\G703670\OneDrive - MFP Michelin\work\janus\reports\20210713_Janus_RL_V03_summary.pptx
Janus,RL,C:\Users\G703670\OneDrive - MFP Michelin\work\janus\reports\20210830_Janus_RL_V04_share.pptx
Janus,RL,C:\Users\G703670\OneDrive - MFP Michelin\work\janus\reports\20220516_Janus_RL_V06_Tiles.pptx
Janus,VAE,C:\Users\G703670\OneDrive - MFP Michelin\work\janus\reports\20220926_Janus_RL_explo-VAE_V08.pptx
Janus,RL,C:\Users\G703670\OneDrive - MFP Michelin\work\janus\reports\20230418_Janus_PaperReview_V10.pptx
Janus,RL,C:\Users\G703670\OneDrive - MFP Michelin\work\janus\reports\20240131_Janus_AllExploration_V11.pptx
Janus,RL,C:\Users\G703670\OneDrive - MFP Michelin\work\janus\reports\Janus_Summary_sept24.pptx
Janus,Publication,C:\Users\G703670\OneDrive - MFP Michelin\work\janus\reports\Janus_RL_overview_V01.docx
Janus,Publication,C:\Users\G703670\OneDrive - MFP Michelin\work\janus\conference\MLDS23\RL_visualizations.pdf
Janus,Knowledge Sharing,C:\Users\G703670\OneDrive - MFP Michelin\work\janus\reports\20220309_RL_KSS_1.pptx
Janus,Latent Constraints,C:\Users\G703670\OneDrive - MFP Michelin\work\janus\phase2\20240423_Janus_p2_latant_V01.pptx
Janus,Latent Constraints,C:\Users\G703670\OneDrive - MFP Michelin\work\janus\latent\20230207_LatentConstraint_3AI_V01.pptx
Janus,MVTS,C:\Users\G703670\OneDrive - MFP Michelin\work\janus\phase2\20240812_Janus_p2_MVTS_V01.pptx
Masternaut,CAN,C:\Users\G703670\OneDrive - MFP Michelin\work\masternaut\20230527_can_reverse_DLDC.pptx
DDI,VRU,C:\Users\G703670\OneDrive - MFP Michelin\work\DDI\reports\20220221_DDI_similarity_v02.pptx
DDI,VRU,C:\Users\G703670\OneDrive - MFP Michelin\work\DDI\reports\20220323_DDI_severity_v03.pptx
DDI,VRU,C:\Users\G703670\OneDrive - MFP Michelin\work\DDI\reports\20220712_multimodality_v02.pptx
DDI,VRU,C:\Users\G703670\OneDrive - MFP Michelin\work\DDI\reports\DDI_Mulitmodality_summary_3105.pptx
DDI,DroneCV,C:\Users\G703670\OneDrive - MFP Michelin\work\DDI\drone_CV\20230131_DroneCV_v2.pptx
Patents,Patent,C:\Users\G703670\OneDrive - MFP Michelin\work\patents\20201112_Patents_study_V4.pptx
Patents,Patent,C:\Users\G703670\OneDrive - MFP Michelin\work\patents\patent_study_summary_v1.docx
Patents,Patent,C:\Users\G703670\OneDrive - MFP Michelin\work\patents\TWP_KM_Patent_Similarity_v2.docx
Pricing,Dynamic Pricing,C:\Users\G703670\OneDrive - MFP Michelin\work\DYP\reports\20240723_DYP-DeepDive_V1.pptx
Pricing,Dynamic Pricing,C:\Users\G703670\OneDrive - MFP Michelin\work\DYP\reports\20250418_DYP-DeepDive_V2.pptx
Pricing,Dynamic Pricing,C:\Users\G703670\OneDrive - MFP Michelin\work\DYP\reports\202605_ERM_Model deep-dive_V2.pptx
Pricing,Value Mate,C:\Users\G703670\OneDrive - MFP Michelin\work\moonshot\agents\Nagarro\reports\20260422_DeepDive_ValueMate.pptx
Pricing,Value Mate,C:\Users\G703670\OneDrive - MFP Michelin\work\moonshot\agents\Nagarro\reports\20260908_DOTI_AGENTIX_ValueMate.pptx
Agents,Agentic RAG,C:\Users\G703670\OneDrive - MFP Michelin\work\moonshot\agents\AgenticRAG\20230529_AgenticRAG_V01.pptx
Agents,Browser Use,C:\Users\G703670\OneDrive - MFP Michelin\work\moonshot\agents\browser_use\20251016_RPAagent_DeepDive_v01.pptx
Agents,Browser Use,C:\Users\G703670\OneDrive - MFP Michelin\work\moonshot\agents\browser_use\conference\2025_MLDS\conference_101719_final.pdf
Agents,Browser Use,C:\Users\G703670\OneDrive - MFP Michelin\work\moonshot\agents\browser_use\conference\2026_RPA\conference_RPA_ICAART_2026_final.pdf
Agents,Spec Driven Coding,C:\Users\G703670\OneDrive - MFP Michelin\work\moonshot\agents\v02_20260820_SpecDrivenCoding.pptx
Agents,Latent MAS,C:\Users\G703670\OneDrive - MFP Michelin\work\moonshot\agents\LatentMAS\20260112_LatentMAS_v01.pptx
Agents,Robotics,C:\Users\G703670\OneDrive - MFP Michelin\work\moonshot\robotics\20260226_AgenticRobitic_v01.pptx
AI for Engg,Point Cloud,C:\Users\G703670\OneDrive - MFP Michelin\work\moonshot\AI_Engg\v01_part_constraints.pptx
AI for Engg,Publication ,C:\Users\G703670\OneDrive - MFP Michelin\work\moonshot\AI_Engg\MLDS\mlds_pointcloud_subm.pdf
AI for Engg,Engineering Drawing Agents,C:\Users\G703670\OneDrive - MFP Michelin\work\moonshot\AI_Engg\Engg_agents\20260820_EnggAgents_v02.pptx