source_path,status,reason,wiki_page
raw/AI for Engg/Engineering Drawing Agents/20260820_EnggAgents_v02.pptx,needs review,"All 36 rendered slides visually inspected; slides 24–25 are title-only, slide 36 leaves the graph-edge strategy unresolved, and slide 1 footer metadata differs between prior PDF and Keynote renderings.",wiki/sources/ai-for-engg-engineering-drawing-agents-20260820-enggagents-v02-pptx.md
raw/AI for Engg/Point Cloud/v01_part_constraints.pptx,needs review,"All 11 rendered slides visually inspected; plots do not expose reliable quantitative results, slide 6 optimization notation remains ambiguous, and slide footers conflict with the Point Cloud title.",wiki/sources/ai-for-engg-point-cloud-v01-part-constraints-pptx.md
raw/AI for Engg/Publication/mlds_pointcloud_subm.pdf,needs review,"Text extracted locally from all 7 pages; figures were not visually inspected, so diagram details and plotted results need review.",wiki/sources/ai-for-engg-publication-mlds-pointcloud-subm-pdf.md
raw/Agents/Agentic RAG/20230529_AgenticRAG_V01.pptx,needs review,"Text extracted from all 19 slides; embedded-image OCR was partial and visual relationships need manual review.",wiki/sources/agents-agentic-rag-20230529-agenticrag-v01.md
raw/Agents/Browser Use/20251016_RPAagent_DeepDive_v01.pptx,needs review,"Text extracted from all 29 slides; screenshot-heavy diagrams and result visuals were not visually inspected.",wiki/sources/agents-browser-use-20251016-rpaagent-deepdive-v01-pptx.md
raw/Agents/Browser Use/conference_101719_final.pdf,needs review,"Text extracted from all 8 pages; figures and screenshots were not visually inspected.",wiki/sources/agents-browser-use-conference-101719-final-pdf.md
raw/Agents/Browser Use/conference_RPA_ICAART_2026_final.pdf,needs review,"Text extracted from all 7 pages; workflow and results figures were not visually inspected.",wiki/sources/agents-browser-use-conference-rpa-icaart-2026-final-pdf.md
raw/Agents/Latent MAS/20260112_LatentMAS_v01.pptx,needs review,"Text extracted from all 25 slides, but 45 embedded media items and result visuals were not visually inspected.",wiki/sources/agents-latent-mas-20260112-latentmas-v01-pptx.md
raw/Agents/Robotics/20260226_AgenticRobitic_v01.pptx,needs review,"Local text extraction covered all 8 slides; embedded media and picture content on slides 2, 5, and 8 were not visually inspected, so visual details remain unchecked.",wiki/sources/agents-robotics-20260226-agenticrobitic-v01-pptx.md
raw/Agents/Spec Driven Coding/v02_20260820_SpecDrivenCoding.pptx,needs review,"Text extracted from all 6 slides; 23 embedded media items and 8 picture objects were not visually inspected, so image-only details may be missing.",wiki/sources/agents-spec-driven-coding-v02-20260820-specdrivencoding-pptx.md
raw/DDI/DroneCV/20230131_DroneCV_v2.pptx,needs review,"Text extracted from all 42 slides; 84 embedded media files were not visually inspected, so visual details and figures remain unchecked.",wiki/sources/ddi-dronecv-20230131-dronecv-v2-pptx.md
raw/DDI/VRU/20220221_DDI_similarity_v02.pptx,needs review,"Text extracted from all 29 slides; 65 embedded media files were not visually inspected, so cluster plots and map details remain unchecked.",wiki/sources/ddi-vru-20220221-ddi-similarity-v02-pptx.md
raw/DDI/VRU/20220323_DDI_severity_v03.pptx,needs review,"Text extracted from all 3 slides; 17 embedded media files were not visually inspected, so the risk-map visualization remains unchecked.",wiki/sources/ddi-vru-20220323-ddi-severity-v03-pptx.md
raw/DDI/VRU/20220712_multimodality_v02.pptx,needs review,"Text extracted from all 47 slides; 119 embedded media files were not visually inspected, so maps, charts, and visual comparisons remain unchecked.",wiki/sources/ddi-vru-20220712-multimodality-v02-pptx.md
raw/DDI/VRU/DDI_Mulitmodality_summary_3105.pptx,needs review,"Text extracted from all 35 slides; 74 embedded media files were not visually inspected, so visual framework and results details remain unchecked.",wiki/sources/ddi-vru-ddi-mulitmodality-summary-3105-pptx.md
raw/GAN/API Hackathon/20211116_API_hackathon_v002.pptx,needs review,"Text extracted from all 11 slides; 34 embedded media files were not visually inspected, so demo examples and diagrams remain unchecked.",wiki/sources/gan-api-hackathon-20211116-api-hackathon-v002-pptx.md
raw/GAN/Diffusion/20230324_diffusion_v01.pptx,needs review,"Text extracted from all 11 slides; 16 embedded media files were not visually inspected, so generated-image examples and diagrams remain unchecked.",wiki/sources/gan-diffusion-20230324-diffusion-v01-pptx.md
raw/GAN/Enlighten/GAN (1).pptx,needs review,"Text extracted from all 4 slides; 27 embedded media files were not visually inspected, so architecture and subscription diagrams remain unchecked.",wiki/sources/gan-enlighten-gan-1-pptx.md
raw/GAN/Exploration/20200717_GAN_study_V3.pptx,needs review,"Text extracted from all 89 slides; 331 embedded media files and generated-image results were not visually inspected.",wiki/sources/gan-exploration-20200717-gan-study-v3-pptx.md
raw/GAN/Exploration/20200717_GAN_study_V5.pptx,needs review,"Text extracted from all 35 slides; 164 embedded media files and generated-image results were not visually inspected.",wiki/sources/gan-exploration-20200717-gan-study-v5-pptx.md
raw/GAN/Exploration/20200925_GAN_overview.pdf,needs review,"Text extracted from all 18 pages; figures and generated-image examples were not visually inspected.",wiki/sources/gan-exploration-20200925-gan-overview-pdf.md
raw/GAN/Exploration/AI_Moonshot_GAN_01072021.pptx,needs review,"Text extracted from all 31 slides; 125 embedded media files and result visuals were not visually inspected.",wiki/sources/gan-exploration-ai-moonshot-gan-01072021-pptx.md
raw/GAN/Exploration/AI_Moonshot_GAN_09122021.pptx,needs review,"Text extracted from all 30 slides; 148 embedded media files and result visuals were not visually inspected.",wiki/sources/gan-exploration-ai-moonshot-gan-09122021-pptx.md
raw/GAN/Exploration/GAN_overview_V01.docx,needs review,"Text extracted from 161 paragraphs; 22 embedded media files and figures were not visually inspected.",wiki/sources/gan-exploration-gan-overview-v01-docx.md
raw/GAN/IRIS2/20210401_GAN_IRIS2_V1.pptx,needs review,"Text extracted from all 31 slides; 161 embedded media files and generated-image results were not visually inspected. Slide 8 does not reconcile the two stated image totals.",wiki/sources/gan-iris2-20210401-gan-iris2-v1-pptx.md
raw/GAN/KAR/20210310_GAN_Hackathon-KAR_V1.pptx,needs review,"Text extracted from all 44 slides; 223 embedded media files, generated-image examples, FID labels, and PCA plots were not visually inspected.",wiki/sources/gan-kar-20210310-gan-hackathon-kar-v1-pptx.md
raw/GAN/OCR/20210505_GAN_ocr_V1.pptx,needs review,"Text extracted from all 14 slides; 57 embedded media files and text-image/enhancement results were not visually inspected. No downstream OCR metrics are reported in extracted text.",wiki/sources/gan-ocr-20210505-gan-ocr-v1-pptx.md
raw/GAN/Publication/GAN_overview_V01.docx,needs review,"Byte-identical to the Exploration-folder DOCX; content is cross-linked rather than counted as independent evidence, and its 22 embedded media files remain uninspected.",wiki/sources/gan-publication-gan-overview-v01-docx.md
raw/GAN/Publication/GAN_paper_formatted_2.pdf,needs review,"Text extracted from all 9 pages; figures and PCA plots were not visually inspected, and reported FID/classification results were not independently reproduced.",wiki/sources/gan-publication-gan-paper-formatted-2-pdf.md
raw/GAN/Tire Health/20211118_GAN_tire-health_V1_AI-review.pptx,needs review,"Text extracted from all 27 slides; 83 embedded media items and result visuals were not visually inspected, and the reported metrics were not reproduced.",wiki/sources/gan-tire-health-20211118-gan-tire-health-v1-ai-review-pptx.md
raw/GAN/hormiga/20210820_GAN_hormiga_V1.pptx,needs review,"Text extracted from all 8 slides; 48 embedded media items/results were not visually inspected, and the folder's downstream use case is unclear.",wiki/sources/gan-hormiga-20210820-gan-hormiga-v1-pptx.md
raw/Janus/Knowledge Sharing/20220309_RL_KSS_1.pptx,needs review,"Text extracted from all 31 slides; 61 embedded media items and sparse later-slide content remain unreviewed. The filename date conflicts with the cover-slide date.",wiki/sources/janus-knowledge-sharing-20220309-rl-kss-1-pptx.md
raw/Janus/Latent Constraints/20230207_LatentConstraint_3AI_V01.pptx,needs review,"Text extracted from all 15 slides; 44 embedded media items and qualitative results remain unreviewed; no quantitative evaluation is reported.",wiki/sources/janus-latent-constraints-20230207-latentconstraint-3ai-v01-pptx.md
raw/Janus/Latent Constraints/20240423_Janus_p2_latant_V01.pptx,needs review,"Text extracted from all 25 slides; 47 embedded media items and result plots remain unreviewed; no quantitative evaluation is reported.",wiki/sources/janus-latent-constraints-20240423-janus-p2-latant-v01-pptx.md
raw/Janus/MVTS/20240812_Janus_p2_MVTS_V01.pptx,needs review,"Text extracted from all 34 slides; 79 embedded media items and result plots remain uninspected. Reported regression values have not been independently reproduced.",wiki/sources/janus-mvts-20240812-janus-p2-mvts-v01-pptx.md
raw/Janus/Publication/Janus_RL_overview_V01.docx,needs review,"Text extracted from 62 paragraphs; five embedded media items remain uninspected, and the final paragraph describes unrelated GAN work.",wiki/sources/janus-publication-janus-rl-overview-v01-docx.md
raw/Janus/Publication/RL_visualizations.pdf,needs review,"Text extracted from all 8 pages; figures and result plots remain unreviewed, and claims have not been independently reproduced.",wiki/sources/janus-publication-rl-visualizations-pdf.md
raw/Janus/RL/20210713_Janus_RL_V03_summary.pptx,needs review,"Text extracted from 62 slides; 174 embedded media items remain uninspected and reported results are unreproduced.",wiki/sources/janus-rl-20210713-janus-rl-v03-summary-pptx.md
raw/Janus/RL/20210830_Janus_RL_V04_share.pptx,needs review,"Text extracted from 27 slides; 151 embedded media items remain uninspected and reported results are unreproduced.",wiki/sources/janus-rl-20210830-janus-rl-v04-share-pptx.md
raw/Janus/RL/20220516_Janus_RL_V06_Tiles.pptx,needs review,"Text extracted from 12 slides; 14 embedded media items remain uninspected and reported variant percentages are unreproduced.",wiki/sources/janus-rl-20220516-janus-rl-v06-tiles-pptx.md
raw/Janus/RL/20230418_Janus_PaperReview_V10.pptx,needs review,"Text extracted from 14 slides; 38 embedded media items remain uninspected; slides 8–14 cover non-RL topics.",wiki/sources/janus-rl-20230418-janus-paperreview-v10-pptx.md
raw/Janus/RL/20240131_Janus_AllExploration_V11.pptx,needs review,"Text extracted from 7 slides; six embedded media items remain uninspected; deck includes non-RL topics.",wiki/sources/janus-rl-20240131-janus-allexploration-v11-pptx.md
raw/Janus/RL/Janus_Summary_sept24.pptx,needs review,"Text extracted from 18 slides; 83 embedded media items remain uninspected; deck summarizes multiple Janus topics.",wiki/sources/janus-rl-janus-summary-sept24-pptx.md
raw/Janus/VAE/20220926_Janus_RL_explo-VAE_V08.pptx,needs review,"Text extracted from all 41 slides; 82 embedded media items and result plots remain uninspected; reported model and RL behavior has not been independently reproduced.",wiki/sources/janus-vae-20220926-janus-rl-explo-vae-v08-pptx.md
raw/Masternaut/CAN/20230527_can_reverse_DLDC.pptx,needs review,"Text extracted from 30 slides; 72 embedded media items remain uninspected, and reported model/decoding results have not been independently reproduced.",wiki/sources/masternaut-can-20230527-can-reverse-dldc-pptx.md
raw/Patents/Patent/20201112_Patents_study_V4.pptx,needs review,"Text extracted from 2 slides; 14 embedded media items remain uninspected; slide date is ambiguous relative to filename date.",wiki/sources/patents-patent-20201112-patents-study-v4-pptx.md
raw/Patents/Patent/TWP_KM_Patent_Similarity_v2.docx,needs review,"Text extracted from 171 non-empty paragraphs; 13 embedded media items and comparison figures remain uninspected; outcomes unreproduced.",wiki/sources/patents-patent-twp-km-patent-similarity-v2-docx.md
raw/Patents/Patent/patent_study_summary_v1.docx,needs review,"Text extracted from 185 non-empty paragraphs; 12 embedded media items and comparison figures remain uninspected; patent totals conflict within the document.",wiki/sources/patents-patent-patent-study-summary-v1-docx.md
raw/Pricing/Dynamic Pricing/20240723_DYP-DeepDive_V1.pptx,needs review,"Text extracted from 36 slides; 91 media items remain uninspected and reported results are unreproduced.",wiki/sources/pricing-dynamic-pricing-20240723-dyp-deepdive-v1-pptx.md
raw/Pricing/Dynamic Pricing/20250418_DYP-DeepDive_V2.pptx,needs review,"Text extracted from 23 slides; 73 media items remain uninspected and reported results are unreproduced.",wiki/sources/pricing-dynamic-pricing-20250418-dyp-deepdive-v2-pptx.md
raw/Pricing/Dynamic Pricing/202605_ERM_Model deep-dive_V2.pptx,needs review,"Text extracted from 46 slides; 78 media items remain uninspected and test/control results are unreproduced.",wiki/sources/pricing-dynamic-pricing-202605-erm-model-deep-dive-v2-pptx.md
raw/Pricing/Value Mate/20260422_DeepDive_ValueMate.pptx,needs review,"Text extracted from 18 slides; 32 media items remain uninspected and implementation status is unverified.",wiki/sources/pricing-value-mate-20260422-deepdive-valuemate-pptx.md
raw/Pricing/Value Mate/20260908_DOTI_AGENTIX_ValueMate.pptx,needs review,"Text extracted from 25 slides and 7 notes; 72 media items remain uninspected, slides 4-5 lack extracted text, and cover date format is ambiguous.",wiki/sources/pricing-value-mate-20260908-doti-agentix-valuemate-pptx.md
